"id","make","model","year","cubic_capacity","power_kw","created_at"
1,"Audi","A4 S Line Black Edition Tdic",2011,1968,"NULL","2019-12-03 20:10:47.865732"
2,"Audi","A6",2008,2967,176,"2020-03-09 12:20:33.172051"
3,"Audi","A5 S Line Black ED + TDI QUA",2015,1968,140,"2019-11-21 23:43:51.931297"
4,"Audi","A3 S Line 158 Tfsi",2010,1798,118,"2019-11-21 23:47:07.063266"
5,"Audi","Q5",2010,3000,"NULL","2019-12-05 18:17:33.8739"
6,"Audi","A6 Sline Spec ED TDI Quat",2011,2967,177,"2019-10-31 00:21:10.771688"
7,"Audi","A8 SE TDI Quattro Auto",2005,2967,171,"2019-12-05 18:33:29.021923"
8,"Audi","A7 S Line TDI Auto",2010,2967,"NULL","2019-11-18 12:00:52.972789"
9,"Audi","A5 S Line TDI",2011,1968,"NULL","2019-11-18 12:07:49.000305"
10,"Audi","RS 3 Quattro S-A",2011,2480,294,"2019-12-03 20:37:38.859503"
11,"Audi","S3 Tfsi Quattro S-A",2016,1984,228,"2019-11-14 20:14:35.575664"
12,"Audi","A3 S Line NAV Tfsi",2016,1395,110,"2019-11-22 17:05:52.226813"
13,"Audi","A6",2018,2000,187,"2019-11-10 05:05:50.183577"
14,"Audi","A5 2.0d",2010,1968,128,"2019-12-16 15:43:29.908948"
15,"Audi","100 Avant (C43)",1978,2144,0,"2018-10-05 11:06:33.32325"
16,"Audi","A5",2015,2960,199,"2018-12-11 16:39:50.290238"
17,"Audi","S3 Quattro S-A",2015,1984,221,"2019-11-26 19:10:18.654806"
18,"Audi","Allroad Quattro",2001,0,0,"2019-02-27 13:19:17.076459"
19,"Audi","Q7",2008,3000,221,"2018-12-13 11:48:52.889929"
20,"Audi","A6 2.0",2008,1984,105,"2019-11-18 13:16:15.462119"
21,"Audi","A4",2007,2000,0,"2019-11-22 01:53:33.664455"
22,"Audi","A6 3.0d",2009,2967,179,"2019-06-25 17:38:52.059906"
23,"Audi","A7 S Line TDI Quattro Auto",2014,2967,150,"2019-11-29 18:11:30.688005"
24,"Audi","A4 SE TDI CVT",2012,1968,106,"2019-11-22 19:06:33.140325"
25,"Audi","TT 1.8T (8N)",2000,1781,132,"2018-08-11 09:17:51.375205"
26,"Audi","A6 2.0",2010,1984,100,"2020-01-09 20:41:12.944089"
27,"Audi","A6 2.5d",2001,2496,135,"2019-07-12 17:32:51.341718"
28,"Audi","A4 S Line TDI Auto",2008,1968,106,"2019-12-08 15:24:59.439599"
29,"Audi","A3 2.0",2013,"NULL","NULL","2019-05-28 10:06:38.314605"
30,"Audi","A1 1.2",2010,1197,65,"2019-11-18 14:39:00.078184"
31,"Audi","TTS Tfsi Quattro S-A",2011,1984,200,"2019-10-31 09:37:11.442333"
32,"Audi","A6 Sline Black ED TDI ULT",2015,1968,140,"2019-12-03 21:44:23.49339"
33,"Audi","A6 Sline Black ED TDI Ultra",2015,1968,140,"2019-11-10 09:28:22.396053"
34,"Audi","A3 Sport TDI",2015,1598,81,"2019-11-14 23:12:46.536155"
35,"Audi","A3 Sport TDI",2014,1598,77,"2019-11-26 19:52:09.457513"
36,"Audi","A6 SE TDI",2008,1968,140,"2019-11-29 19:15:22.690572"
37,"Audi","TT Tfsi",2009,1798,0,"2019-11-18 10:19:58.91148"
38,"Audi","A6",2010,3000,"NULL","2019-11-22 20:23:27.33938"
39,"Audi","RS6 Plus",2005,4200,441,"2018-05-09 09:31:49.425652"
40,"Audi","A7",2012,"NULL","NULL","2019-11-04 12:14:34.566968"
41,"Audi","A4 SE Tfsi",2016,1395,110,"2019-12-24 20:39:31.83058"
42,"Audi","A4",1997,1781,92,"2020-02-23 20:38:03.486335"
43,"Audi","A3 Sport TDI",2005,1968,140,"2019-10-31 11:11:43.08714"
44,"Audi","A4 Avant SE TDI Auto",2011,1968,105,"2019-11-18 15:57:57.908882"
45,"Audi","A3 S Line 138 TDI",2011,1968,0,"2019-10-24 23:00:36.042365"
46,"Audi","RS4 FSI Quattro Auto",2015,4163,331,"2019-11-10 10:46:21.346446"
47,"Audi","S3 Black ED Tfsi Quattro S-A",2017,1984,228,"2019-11-18 15:52:43.808103"
48,"Audi","Q2 1.6d",2019,1598,87,"2019-11-18 09:23:57.218043"
49,"Audi","A4",2018,2000,"NULL","2019-12-16 00:41:19.290781"
50,"Audi","A4 S Line TDI",2008,1968,106,"2019-10-31 12:47:44.502269"
51,"Audi","S2 2.2",1992,2226,165,"2019-06-26 10:34:34.504056"
52,"Audi","Cabriolet 2.0",1997,1984,86,"2019-06-26 10:40:00.708174"
53,"Audi","A3 Special Edition",2007,1595,76,"2019-12-08 15:51:02.231165"
54,"Audi","80 2.8",1992,2771,131,"2019-06-26 10:38:35.948375"
55,"AUDI","A6 (4F2) 2.0 TFSI",2009,"NULL",125,"2019-11-18 10:03:07.396785"
56,"Audi","A6 Allroad TDI Quattro",2005,2496,132,"2019-11-26 20:58:51.608419"
57,"Audi","A5 S Line Tfsi Quattro S-A",2017,1984,185,"2019-12-02 00:40:26.78406"
58,"Audi","A3 S Line Tfsi S-A",2018,1498,110,"2019-11-18 10:47:03.319636"
59,"Audi","S3 Quattro S-A",2014,1984,221,"2019-11-15 00:41:14.127581"
60,"Audi","A5 1.8",2012,1798,128,"2019-06-26 13:09:23.121047"
61,"Audi","TT FSI",2007,1984,149,"2019-11-15 00:56:20.120628"
62,"Audi","A7 S Line Black ED TDI QU",2016,2967,160,"2019-12-03 22:06:20.660378"
63,"Audi","Q2 Sport Tfsi",2017,999,85,"2019-11-18 16:42:28.765635"
64,"Audi","TT Tfsi",2007,1984,149,"2019-11-04 17:22:24.528404"
65,"Audi","Q3 S Line + TDI Quattro S-A",2016,1968,135,"2019-11-26 21:39:30.795029"
66,"Audi","A4 Sport Ultra TDI S-A",2016,1968,110,"2019-10-31 15:29:07.810961"
67,"Audi","A5 S Line TDI Quattro AUT",2014,1968,130,"2019-11-26 21:48:42.979943"
68,"Audi","A3 quattro",2005,0,0,"2019-04-23 20:42:37.438163"
69,"Audi","TT Quattro TDI",2008,1968,"NULL","2019-11-18 17:25:24.927232"
70,"Audi","A3 S Line Black ED 30 Tfsi",2018,999,85,"2019-11-15 03:40:23.27835"
71,"Audi","TT S Line TDI Quattro",2011,1968,125,"2019-10-31 16:36:34.166354"
72,"Audi","RS 5",2019,2000,"NULL","2019-12-02 03:45:46.97363"
73,"Audi","S4",2011,3000,"NULL","2019-12-02 04:24:03.188989"
74,"Audi","A6 SE TDI Auto",2007,2698,134,"2019-11-04 19:26:56.465756"
75,"Audi","Q2 Sport Tfsi",2017,999,85,"2019-10-25 07:45:06.684851"
76,"Audi","A4 T(190) Sport",2004,1781,140,"2019-12-24 22:01:12.749304"
77,"Audi","A4 2.0",2010,1984,158,"2019-11-23 00:58:06.632791"
78,"Audi","A5 Sport TDI Quattro",2008,2967,179,"2019-11-23 01:20:58.529593"
79,"Audi","A3 1.5",2018,1498,113,"2019-04-09 05:45:48.954697"
80,"Audi","A5 Sport TDI A",2008,2698,141,"2019-12-03 23:09:11.874197"
81,"Audi","A5 T FSI Sport 6SP",2008,1798,"NULL","2019-11-18 18:01:25.238142"
82,"Audi","A3 TDI",2010,1595,"NULL","2019-10-31 18:19:46.37498"
83,"Audi","RS 3 Quattro S-A",2018,2480,294,"2019-11-04 19:52:03.867112"
84,"Audi","A4 2.0",2006,1984,98,"2019-06-26 22:15:00.780773"
85,"Audi","A4 2.0",2010,1984,189,"2019-11-23 03:04:02.262465"
86,"Audi","A4",2003,1000,"NULL","2019-12-17 00:38:03.919326"
87,"Audi","A4 2.0d",2013,1968,107,"2019-11-23 03:18:28.07608"
88,"Audi","Q3 S Line TDI Quattro S-A",2013,1968,130,"2019-12-10 08:56:47.787279"
89,"Audi","A3 S Line Tfsi",2014,1395,90,"2019-11-29 22:12:15.382063"
90,"Audi","A4 1.9d",2005,1896,85,"2019-04-21 08:28:34.165667"
91,"Audi","A3 SE 138 TDI S-A",2010,1968,140,"2019-11-29 22:14:41.966428"
92,"Audi","A3 S Line Tfsi",2014,1395,90,"2019-11-18 18:27:32.822145"
93,"Audi","RS3 2.5",2019,2480,300,"2019-10-25 09:08:50.865484"
94,"Audi","Q5",2016,2000,"NULL","2019-11-26 23:07:59.928671"
95,"Audi","Q5 S Line TDI Quattro A",2012,2967,"NULL","2019-12-02 05:56:50.149641"
96,"Audi","Q5 SE TDI Quattro DPF",2009,1968,125,"2019-11-26 23:08:41.240887"
97,"Audi","A4",2016,2000,"NULL","2020-01-01 00:56:15.327687"
98,"Audi","A6",2012,3000,"NULL","2020-03-15 22:49:39.580691"
99,"Audi","A7 S-tronic",2011,2967,184,"2019-04-12 00:06:30.139069"
100,"Audi","Q2 Sport Tfsi",2017,999,85,"2019-11-22 11:19:46.15659"
101,"Audi TT 225 Roadster","Unknown",2000,1781,"NULL","2019-12-26 15:05:29.934993"
102,"Audi","A4 S Line Quattro TDI",2006,2967,173,"2019-11-26 23:47:30.423525"
103,"Audi","A1 Sport TDI",2015,1598,85,"2019-11-29 22:49:20.779504"
104,"Audi","A5 S Line TDI Quattro S-A",2017,1968,140,"2019-12-02 08:37:45.839807"
105,"Audi","A4 Ultra SE Technik TDI",2014,1968,"NULL","2019-12-07 18:04:48.816211"
106,"Audi","S4",2012,3000,"NULL","2019-12-05 21:15:41.825198"
107,"Audi","A3 S Line TDI S-A",2012,1968,"NULL","2019-11-10 15:57:51.79241"
108,"Audi","A4 1.9d",2001,1896,98,"2019-11-04 21:25:20.721455"
109,"Audi","Q2 Sport Tfsi",2017,999,85,"2019-10-25 09:36:10.746495"
110,"Audi","A4 S Line TDI",2013,1968,130,"2019-11-18 19:44:12.039376"
111,"Audi","RS6 4.0",2019,3993,454,"2019-12-29 19:18:42.171328"
112,"Audi","Q5",2011,2000,0,"2019-11-27 00:06:38.554357"
113,"Audi","A4 SE TDI Quattro",2005,2967,152,"2019-11-23 08:14:13.049658"
114,"Audi","A3 Sport TDI",2014,1598,77,"2019-11-30 00:13:51.781941"
115,"Audi","A4 Sport Ultra TDI",2016,1968,110,"2019-12-05 21:26:56.13909"
116,"Audi","A4 T S Line",2005,1781,121,"2019-12-24 23:20:01.601638"
117,"Audi","A4",2017,2000,"NULL","2019-12-24 23:22:57.523146"
118,"Audi","A6 3.0",2012,2995,233,"2019-10-31 21:49:19.836682"
119,"Audi","A3 Sport Tfsi",2014,1395,90,"2019-12-05 22:02:19.243666"
120,"Audi","A3 S Line TDI S-A",2013,1598,"NULL","2019-12-26 15:10:13.238634"
121,"Audi","A6 TDI SE",2005,1968,104,"2019-10-25 10:39:26.703067"
122,"Audi","A4 8V",2006,1968,105,"2019-12-05 22:09:22.069114"
123,"Audi","A1 S Line Tfsi",2014,1390,90,"2019-11-18 20:10:39.906578"
124,"Audi","A6 2.4",2012,1986,133,"2020-01-02 21:07:34.175352"
125,"Audi","A5 Sport Tfsi 180",2010,1984,132,"2020-01-27 14:28:43.494751"
126,"Audi","A3 S Line Tfsi",2009,1390,92,"2019-10-25 10:53:31.883414"
127,"Audi","S3 Quattro Auto",2010,1984,195,"2019-11-15 11:47:55.913267"
128,"Audi","S4 4.2",2007,4163,258,"2019-10-26 23:25:05.879614"
129,"Audi","A6",2003,2496,132,"2020-03-09 12:31:35.194358"
130,"Audi","A1 Sport Tfsi",2012,1390,90,"2019-11-23 08:14:19.19827"
131,"Audi","A3 S3 Sportback Tfsi Quattro Blac",2020,"NULL",221,"2020-03-02 16:43:56.462672"
132,"Audi","A6 1.8",2002,1781,113,"2019-05-17 04:28:54.264586"
133,"Audi","A4 1.9d",2002,1896,98,"2019-06-28 10:17:12.132162"
134,"Audi","A1",2015,999,60,"2019-12-18 10:54:38.641245"
135,"Audi","A1 Sport TDI",2014,1598,77,"2019-10-31 23:49:40.403572"
136,"Audi","A3 SportBack TDI",2006,1968,140,"2020-01-28 01:15:12.308168"
137,"Audi","A3",2012,1968,110,"2020-02-29 13:51:25.431078"
138,"Audi","A3",2004,1896,77,"2020-03-16 09:48:23.573887"
139,"Audi","Q7",2019,3000,"NULL","2019-12-15 05:01:13.951775"
140,"Audi","A3 2.0d",2013,1968,138,"2019-05-18 00:25:41.513572"
141,"Audi","A3 1.8",2014,1798,135,"2019-11-05 00:10:06.049455"
142,"Audi","A1 SE Tfsi",2014,1197,63,"2019-11-18 21:34:52.617058"
143,"Audi","A6 allroad 3.0d",2008,2967,175,"2019-05-18 06:39:20.505012"
144,"Audi","Audi A2",2003,1422,"NULL","2019-07-17 14:27:05.31108"
145,"Audi","A1 Sport NAV Tfsi",2018,1395,0,"2019-11-23 08:38:26.204219"
146,"Audi","TTS Tfsi Quattro S-A",2017,1984,228,"2019-12-05 23:18:33.141407"
147,"Audi","A5 SE Technik TDI",2012,1968,130,"2019-11-05 00:40:34.737068"
148,"Audi","A6 3.0d",2016,2967,240,"2019-06-10 23:29:52.509879"
149,"Audi","S5 3.0",2018,2995,266,"2019-07-19 18:06:35.422334"
150,"Audi","A4 Avant",2015,1968,110,"2020-03-16 10:20:47.60625"
151,"Audi","A4 Avant",2012,2000,0,"2019-07-17 04:29:24.383096"
152,"Audi","cabriolet",1999,"NULL","NULL","2019-07-05 12:47:06.409355"
153,"Audi","A4",2008,2000,"NULL","2019-12-08 16:55:23.614484"
154,"Audi","S3 Quattro",2003,1781,165,"2019-11-01 01:37:46.17572"
155,"Audi","A4",2007,0,0,"2019-07-13 13:37:41.09736"
156,"Audi","A4 2.0",2017,1984,189,"2019-10-28 20:17:39.445681"
157,"Audi","S5",2015,2995,245,"2020-03-02 17:03:00.81939"
158,"Audi","S3 2.0",2010,1984,192,"2019-06-27 20:03:25.255823"
159,"Audi","Audi 100 C3 2200 115",1986,2200,85,"2019-06-03 20:03:31.132329"
160,"Audi","rs8",2016,0,"NULL","2019-02-08 12:39:32.434832"
161,"Audi","A4 2.0",2017,1984,143,"2019-11-12 22:31:26.785693"
162,"Audi","A3 1.8",2000,1781,135,"2019-07-01 13:36:39.074253"
163,"Audi","100CC",1984,1570,0,"2018-12-12 14:56:47.639446"
164,"AUDI","TT 1.8 T",1999,0,132,"2020-03-18 15:03:17.284627"
165,"Audi","Q5",2012,1984,157,"2019-11-05 04:30:38.61272"
166,"Audi","S4 3.0",2009,2995,250,"2019-06-27 19:27:15.510208"
167,"Audi","A4 2.0",2010,1984,158,"2019-11-18 23:15:33.154125"
168,"Audi","Coupe 1.8",1986,1781,66,"2019-05-28 13:46:02.494035"
169,"Audi","TT 2.0",2018,1984,173,"2019-06-24 00:19:44.882707"
170,"Audi","Q3 2.0",2015,1984,135,"2020-02-26 13:31:09.65571"
171,"Audi","A6 Avant 2,7 TDI Quattro TT",2005,9,132,"2018-11-25 17:19:24.90356"
172,"Audi","S3 2.0",2007,1984,199,"2019-07-16 16:19:55.675362"
173,"Audi","A1 Sport TDI",2011,1598,77,"2019-11-18 23:40:08.021163"
174,"Audi","A1 40",2014,1984,150,"2019-11-18 23:40:17.631363"
175,"Audi","TT 1.8",2001,1781,110,"2019-06-23 15:16:02.901392"
176,"Audi","TT 1.8",2009,1798,120,"2019-06-18 19:07:13.505638"
177,"Audi","RS6 4.0",2013,3993,420,"2019-06-17 16:02:01.658198"
178,"Audi","A4 1.8",1997,1781,113,"2019-06-09 17:00:50.893712"
179,"Audi","A5 S Line TDI Quattro",2012,1968,130,"2019-11-10 20:26:38.290229"
180,"Audi","A3 SE TDI",2005,1968,140,"2019-11-19 00:56:10.484452"
181,"Audi","TT 1.8",2004,1781,113,"2019-06-10 16:12:35.565013"
182,"Audi","TT 1.8",2012,1798,120,"2019-06-14 07:04:32.91156"
183,"Audi","Q7",2015,2967,200,"2020-02-27 12:59:10.650597"
184,"Audi","Cabriolet 2.6 E",1997,2598,0,"2019-03-17 09:17:47.763881"
185,"Audi","A3 S Line Tfsi",2018,1984,140,"2020-03-16 09:17:51.00857"
186,"Audi","A3 2.0d",2012,1968,103,"2019-05-17 21:53:31.962421"
187,"Audi","Q3 TDI Quattro SE",2013,1968,103,"2019-11-05 07:35:26.547805"
188,"Audi","A4",2015,1984,164,"2019-11-19 02:02:59.955466"
189,"Audi","Q7 S Line Sport ED TDI Quatt",2014,2967,180,"2019-11-05 07:41:37.577966"
190,"Audi","A3 Sport Tfsi",2011,1390,92,"2019-11-05 07:43:20.964927"
191,"Audi","Q7 S Line TDI Quattro Auto",2016,2967,"NULL","2019-11-15 16:33:50.705557"
192,"Audi","A3 1.9d",2003,1896,79,"2019-06-23 09:15:27.854889"
193,"Audi","Q3 S Line + TDI Quattro",2015,1968,130,"2019-11-23 09:16:24.498832"
194,"Audi","A3 S Line SP Edition Tfsi",2010,1984,147,"2019-11-19 03:55:17.283819"
195,"Audi","A3 S Line SP EDN TDI Quat",2011,1968,125,"2019-11-19 04:01:12.391211"
196,"Audi","Audi Tt",1999,1781,132,"2019-07-21 18:54:53.516254"
197,"Audi","TT S Quattro S-A",2010,1984,200,"2019-11-23 09:31:27.833047"
198,"Audi","A5 3.0d",2013,2967,150,"2019-07-22 09:09:01.518067"
199,"Audi","A4 1.6",2008,1595,77,"2019-07-22 13:09:41.588713"
200,"Audi","A4 TDI Sport",2004,1896,96,"2019-11-01 10:57:59.938784"
201,"BMW","730d",2003,2993,164,"2019-12-19 23:48:03.19845"
202,"BMW","3-series",2020,3000,"NULL","2019-12-28 06:07:29.340432"
203,"BMW","M2",2016,2979,272,"2020-02-20 21:09:28.434475"
204,"BMW","E3 3.3",2021,3299,143,"2020-01-16 18:40:52.329291"
205,"BMW","2002 tii",1972,"NULL","NULL","2020-01-19 15:11:38.159958"
206,"BMW","X5 30d",2013,2993,194,"2019-06-25 10:59:02.794091"
207,"BMW",520,2003,1990,86,"2019-11-03 23:59:01.629225"
208,"BMW","M135i Auto",2013,2979,235,"2019-11-22 15:23:15.865288"
209,"BMW","325xi",2002,2497,164,"2019-11-10 01:34:08.106368"
210,"BMW","335d Xdrive M Sport Auto",2017,2993,230,"2019-11-14 19:26:13.955411"
211,"BMW","X3",2016,"NULL","NULL","2019-12-14 09:55:26.809906"
212,"BMW","325ic",1994,2495,140,"2019-11-04 00:29:10.398356"
213,"BMW","528i",2013,"NULL",180,"2020-01-18 09:47:27.295085"
214,"BMW","530d SE Auto",2003,2993,160,"2019-12-03 20:27:31.544556"
215,"BMW","X3 SE",2006,1995,110,"2019-12-10 17:05:51.684201"
216,"BMW","325xi",2006,2497,164,"2019-12-08 14:36:35.124254"
217,"BMW","520d",2019,1995,143,"2019-11-29 16:44:26.694788"
218,"BMW","335i",2007,2979,230,"2019-06-29 18:12:12.637452"
219,"BMW","228i",2014,1997,184,"2019-11-10 03:06:59.867416"
220,"BMW","X5 Xdrive 40d",2018,2993,230,"2018-11-16 22:33:50.982584"
221,"BMW","325d Sport Plus Edition Auto",2011,2993,150,"2019-11-21 23:57:27.821444"
222,"BMW","X5 35d",2010,2993,215,"2019-11-04 00:42:49.428133"
223,"BMW","320d M Sport Auto 181",2013,1995,135,"2019-11-22 16:08:03.882774"
224,"BMW","535d",2011,2993,235,"2020-02-17 08:34:13.662421"
225,"BMW","M140i Shadow Edition Auto",2018,2998,250,"2019-11-14 20:07:32.107059"
226,"BMW","116i Sport Turbo",2012,1600,"NULL","2019-10-31 01:44:31.787768"
227,"BMW","120d",2015,1995,138,"2019-06-25 14:36:07.837587"
228,"BMW","M135i Auto",2014,2979,235,"2019-12-03 20:31:46.042475"
229,"BMW","123d M Sport",2009,1995,150,"2019-11-22 00:08:22.406847"
230,"BMW","320i M Sport",2008,1995,125,"2019-11-29 17:09:54.978851"
231,"BMW","328i",2013,1995,179,"2019-11-10 04:32:42.535714"
232,"BMW","118i M Sport Shadow Edition",2017,1499,100,"2019-11-18 12:11:53.762777"
233,"BMW","3-series",2016,2000,"NULL","2019-11-29 17:10:21.173365"
234,"BMW","328i",1996,2793,145,"2019-11-04 02:40:28.857123"
235,"BMW","7-series",2000,4000,"NULL","2019-12-14 12:48:48.311057"
236,"BMW","330d Xdrive M Sport Auto",2014,2993,190,"2019-11-22 00:19:55.340936"
237,"BMW","3-series",2008,3000,"NULL","2019-12-04 03:35:32.520776"
238,"BMW","i8 1.5hyb",2013,1499,173,"2019-12-14 13:50:42.35482"
239,"BMW","5-series",2018,2000,"NULL","2020-01-12 06:32:12.793306"
240,"Bmw","335i",2009,3459,224,"2018-04-17 14:50:47.769895"
241,"BMW","645 CI Auto",2004,4398,245,"2020-01-19 18:59:01.62194"
242,"BMW","530d M Sport A",2008,2993,"NULL","2019-12-01 22:49:13.308532"
243,"BMW","318ti Sport Compact",2005,1995,"NULL","2019-11-04 04:03:52.857533"
244,"BMW","M5 Auto",2014,4395,"NULL","2019-11-22 00:38:20.657318"
245,"BMW","M235i Auto",2015,2979,240,"2019-11-22 18:34:10.43135"
246,"BMW","340i",2016,2998,245,"2019-11-22 00:57:53.288404"
247,"BMW","X Reihe",2007,2993,173,"2020-01-06 01:01:04.28945"
248,"BMW","520d M Sport Auto",2018,1995,140,"2019-11-10 06:45:17.947168"
249,"BMW","3-series",2015,2000,0,"2019-11-22 01:19:22.766248"
250,"BMW","320d Efficientdynamics Auto",2012,1995,120,"2019-11-18 12:45:24.907111"
251,"BMW","M3",1990,2000,"NULL","2020-01-12 06:51:57.205797"
252,"BMW","M1 (E26)",1980,3453,0,"2018-11-22 08:38:04.261834"
253,"BMW","Z 3 Roadster",1998,2793,0,"2019-03-28 06:28:36.548818"
254,"BMW","218d M Sport Auto",2018,1995,110,"2019-11-29 17:26:23.639755"
255,"BMW","135i",2010,2979,223,"2019-11-18 05:20:26.209908"
256,"BMW","M3",2005,3246,252,"2020-02-22 19:20:22.556866"
257,"BMW","M140i Shadow Edition",2017,2998,250,"2019-11-14 21:33:07.436948"
258,"BMW","X1 16d",2013,1995,87,"2019-06-30 11:46:44.023168"
259,"BMW","M3 3.2",2004,3201,241,"2019-11-10 07:18:41.96066"
260,"BMW","3-series",2008,3000,"NULL","2020-03-12 19:03:26.914267"
261,"BMW","5-series",2012,2000,0,"2019-11-29 18:12:40.698266"
262,"BMW","R 1200 GS",2009,1170,77,"2019-11-04 08:45:58.490454"
263,"BMW","1ER Reihe",2011,1995,135,"2019-11-14 22:23:18.514678"
264,"BMW","325i Sport Auto",2004,2494,141,"2019-12-03 21:20:32.731301"
265,"BMW","318ci Sport Coupe",2003,1995,105,"2019-11-04 09:43:59.159035"
266,"BMW","3-series",2015,3000,"NULL","2019-12-03 21:20:35.815363"
267,"BMW","520d M Sport Auto",2012,1995,135,"2019-11-18 14:18:15.224783"
268,"BMW","535i",1991,3430,158,"2019-11-10 08:37:47.939893"
269,"BMW","M5 Auto",2014,4395,412,"2019-12-10 07:54:23.087737"
270,"BMW","335i SE",2006,2979,225,"2019-11-10 08:38:55.800391"
271,"BMW",328,2009,"NULL","NULL","2019-11-18 14:37:28.774784"
272,"BMW","118i E87",2006,1995,94,"2018-04-17 18:07:48.621319"
273,"BMW","320d",2002,1995,113,"2019-06-25 22:19:20.377446"
274,"BMW","118d M Sport",2008,1995,105,"2019-11-22 20:13:05.196286"
275,"BMW","520d",2012,1995,138,"2020-02-22 19:23:39.323855"
276,"BMW","335i",2011,2979,230,"2019-11-18 14:36:48.495603"
277,"BMW","530i",1995,3057,160,"2019-10-24 21:11:46.835794"
278,"BMW","340i M Sport Auto",2017,2998,240,"2019-11-18 07:03:14.386575"
279,"BMW","M2 3.0",2018,2979,278,"2019-07-05 07:08:05.605157"
280,"BMW","218i Luxury",2015,1499,"NULL","2019-10-31 10:09:25.951228"
281,"BMW","118d M Sport",2010,1995,105,"2019-11-29 19:07:48.659158"
282,"BMW","330i",2005,2996,190,"2020-02-23 20:26:47.735365"
283,"BMW","635 CSI Auto",1989,3430,164,"2019-10-24 21:38:38.437512"
284,"BMW","Z4 3.0",2007,2996,199,"2019-06-10 21:08:25.012965"
285,"BMW","320d Edition M Sport Tour",2008,1995,130,"2019-11-29 19:16:25.399769"
286,"BMW","320i ES",2006,1995,"NULL","2019-10-24 21:48:33.351715"
287,"BMW","420d Sport",2017,1995,135,"2019-11-04 12:12:06.3166"
288,"BMW","523i SE Auto",2006,2497,"NULL","2019-11-22 04:06:07.43938"
289,"BMW","550i",2013,4395,337,"2019-11-04 12:16:54.987705"
290,"BMW","320d M Sport Auto",2015,1995,135,"2019-12-01 23:42:37.064303"
291,"BMW","M3",2002,3000,"NULL","2019-12-14 00:09:54.987013"
292,"BMW","X3 SE",2006,1995,110,"2019-10-31 10:16:03.028545"
293,"BMW","118d SE",2007,1995,105,"2019-11-22 21:08:45.078388"
294,"BMW","E46",1998,1895,86,"2018-05-17 07:12:03.387262"
295,"BMW","330d 231",2009,"NULL","NULL","2019-06-30 20:56:58.865864"
296,"BMW","118d Sport",2016,1995,110,"2019-11-18 15:36:47.147373"
297,"BMW","520d Efficientdynamics",2012,1995,135,"2019-11-18 08:43:04.092935"
298,"BMW","Z4 3.0",2006,2996,199,"2019-11-22 21:11:47.902973"
299,"BMW","530d M Sport Auto",2011,2993,"NULL","2019-11-26 20:02:35.818974"
300,"BMW","X5 Xdrive30d SE Auto",2012,2993,180,"2019-11-18 08:57:33.070123"
301,"BMW","330i M Sport Auto",2019,1998,190,"2019-11-22 21:22:35.489411"
302,"BMW","318d SE",2008,1995,105,"2019-11-22 04:38:14.703171"
303,"BMW","320i Convertible Auto",1990,1990,96,"2019-11-22 04:39:26.824385"
304,"BMW","320d SE Touring",2008,1995,130,"2019-12-01 23:52:57.584788"
305,"BMW","116d Sport",2011,1995,85,"2019-12-01 23:55:35.813628"
306,"BMW","520i",2000,2171,125,"2020-03-11 20:58:04.211241"
307,"BMW","530i",2006,2996,194,"2019-07-05 13:10:15.834394"
308,"BMW","X1",2013,1995,179,"2019-10-25 01:05:22.512633"
309,"BMW","X5 Xdrive40e M Sport Auto",2016,1997,233,"2019-11-26 20:24:34.099288"
310,"BMW","330d M Sport Auto",2013,2993,"NULL","2019-11-26 20:24:52.46239"
311,"BMW","320d Efficientdynamics",2011,1995,"NULL","2019-12-05 19:02:38.377684"
312,"BMW","316i",1997,1596,77,"2019-07-05 13:09:15.013573"
313,"BMW","X3 Xdrive20d M Sport Auto",2016,1995,"NULL","2019-11-10 11:28:11.325392"
314,"BMW","X5 D Sport Auto",2002,2926,"NULL","2020-01-12 07:39:14.037747"
315,"BMW","520d SE Auto",2012,1995,135,"2019-12-07 14:42:43.817069"
316,"BMW","M3",2002,3246,"NULL","2019-11-10 11:45:24.056051"
317,"BMW","320d Efficientdynamics",2010,1995,"NULL","2019-11-18 09:51:31.76465"
318,"BMW","325i",2002,2495,144,"2019-11-18 16:16:04.196404"
319,"BMW","325i SE",2009,2996,160,"2019-11-10 11:52:54.520066"
320,"BMW","335i M Sport Auto",2009,2979,225,"2019-11-18 09:52:24.78853"
321,"BMW","330d Xdrive M Sport Auto",2015,2993,190,"2019-12-07 14:51:53.884332"
322,"BMW","420d",2017,1995,143,"2019-06-10 21:37:52.637409"
323,"BMW","320d Edition M Sport Tour",2008,1995,130,"2019-10-31 13:22:58.365145"
324,"BMW","5-series",1985,2000,"NULL","2019-11-22 05:47:30.12822"
325,"BMW","Z4 M-Coup√©",2007,3246,252,"2018-05-09 09:17:49.543237"
326,"BMW","218d M Sport",2019,1995,110,"2019-11-10 12:04:09.717168"
327,"BMW","M135i Auto",2013,2979,235,"2019-11-18 16:19:33.642094"
328,"BMW","525d M Sport Auto",2005,2497,130,"2019-11-26 20:52:25.920233"
329,"BMW","530d SE",2004,2993,160,"2019-11-22 22:36:02.325096"
330,"BMW","530d SE Touring Auto",2002,2926,142,"2019-11-26 20:58:09.429087"
331,"BMW","320d Efficientdynamics",2012,1995,120,"2019-10-25 04:23:11.321201"
332,"BMW","420d M Sport Auto",2014,1995,135,"2019-11-10 12:25:58.672195"
333,"BMW","435d Xdrive M Sport Auto",2014,2993,"NULL","2019-12-02 00:33:58.292695"
334,"BMW","118d M Sport",2008,1995,105,"2019-11-18 10:45:30.849075"
335,"BMW","320d",2002,1995,113,"2019-11-15 00:22:19.052611"
336,"BMW","118d SE",2008,1995,"NULL","2019-12-05 19:26:05.885804"
337,"BMW","325 CI Sport Auto",2002,2494,141,"2019-11-29 20:24:45.163661"
338,"BMW","M3",1987,2300,161,"2018-06-09 19:17:27.877126"
339,"BMW","4-series Gran Coupe",2016,2000,"NULL","2019-12-20 01:07:00.249351"
340,"BMW","525d M Sport A",2007,2993,"NULL","2019-11-26 21:04:19.031973"
341,"BMW","730d SE Auto",2010,2993,180,"2019-12-05 19:30:13.284696"
342,"BMW","X5 Xdrive 30D SE 5S A",2009,2993,173,"2019-10-25 04:47:57.220532"
343,"BMW","525d",2007,"NULL","NULL","2019-12-29 19:13:30.127533"
344,"Bmw","330 D Touring",2008,2997,184,"2018-10-16 19:44:14.266998"
345,"BMW","320d M Sport",2014,1995,"NULL","2019-11-10 12:42:58.555267"
346,"BMW","Z4 3.0",2003,2979,173,"2019-11-22 08:11:08.803035"
347,"BMW","330d M Sport Auto",2013,2993,"NULL","2019-12-05 19:34:15.999127"
348,"BMW","3-series",2011,3000,"NULL","2019-12-16 04:09:54.317432"
349,"BMW","E3 3.3",2010,3299,143,"2019-12-17 00:26:56.504549"
350,"BMW","M5 30",2019,4395,450,"2019-12-29 19:14:28.584641"
351,"BMW","535d Sport Auto",2005,2993,200,"2019-11-26 21:14:16.094213"
352,"BMW","M3",1995,3000,"NULL","2019-11-29 20:43:18.877733"
353,"BMW","530d A/C Touring Auto",2009,2993,173,"2019-12-02 01:31:38.952393"
354,"BMW","1ER Reihe",2006,1995,120,"2020-02-21 18:09:32.018989"
355,"BMW","1ER Reihe",2009,1995,90,"2020-02-22 12:13:28.352176"
356,"BMW","325i",2006,2494,128,"2019-11-15 01:45:53.103293"
357,"BMW","335is",2011,2979,230,"2019-11-15 02:05:04.201582"
358,"BMW","M3",2003,3000,"NULL","2019-11-29 20:48:07.68065"
359,"BMW","M Roadster",1998,3000,"NULL","2019-11-29 20:50:26.021571"
360,"BMW","M5 4.9",2003,4941,300,"2019-10-31 15:11:55.314448"
361,"BMW","320d Edition SE Touring",2008,1995,130,"2019-10-25 06:56:26.284435"
362,"BMW","323i",1998,2494,125,"2019-11-29 20:47:27.160411"
363,"BMW","320d SE",2007,1995,120,"2019-11-10 13:05:58.05656"
364,"BMW","320d SE",2006,1995,120,"2019-12-24 21:30:33.562519"
365,"BMW","325d M Sport Auto",2009,2993,145,"2019-12-10 08:17:12.958214"
366,"BMW","135i",2013,2979,230,"2019-11-18 17:01:09.598033"
367,"BMW","M4",2016,3000,"NULL","2019-11-29 20:53:03.108424"
368,"BMW","120d M Sport Auto",2013,1995,135,"2019-11-22 08:33:28.326646"
369,"BMW","X3 Xdrive30d M Sport Auto",2015,2993,190,"2019-11-10 13:15:41.90331"
370,"BMW","520d M Sport Auto",2014,1995,140,"2019-10-25 07:43:46.169584"
371,"BMW","135i",2011,2979,223,"2019-11-18 17:24:38.347804"
372,"BMW","330 CI Sport",2003,2979,170,"2019-12-10 17:19:36.269654"
373,"BMW","430i",2019,1997,184,"2019-11-10 13:42:34.428649"
374,"BMW","120d",2013,1995,138,"2020-02-23 15:52:46.371363"
375,"BMW","520d",2015,1995,143,"2019-12-03 22:50:15.280134"
376,"BMW","420d Xdrive M Sport Auto",2016,1995,140,"2019-12-10 08:20:38.489829"
377,"BMW","X6 M 4.4",2019,4395,431,"2019-04-08 00:13:43.439159"
378,"BMW","520d SE",2006,1995,120,"2019-10-31 17:16:58.293365"
379,"BMW","318ci M Sport",2006,1995,110,"2019-11-18 17:32:23.1259"
380,"BMW","X1 Xdrive20d SE Auto",2014,1995,135,"2019-11-22 09:42:11.865755"
381,"BMW","1 Series 125d M Sport",2012,1995,160,"2019-11-26 22:20:18.580922"
382,"BMW","320d Sport",2014,1995,135,"2019-11-26 22:21:41.899194"
383,"BMW","645 CI Auto",2005,4398,245,"2019-12-10 08:50:30.876042"
384,"BMW","Z4 M",2006,3246,252,"2019-11-04 19:35:02.531966"
385,"BMW","328i Touring Auto",1997,2793,142,"2019-11-22 09:42:48.915596"
386,"BMW","F 650 ST",1997,"NULL","NULL","2019-06-26 19:52:25.820821"
387,"BMW","430d Xdrive",2016,2993,190,"2019-12-05 20:37:06.098579"
388,"BMW","M3",2003,3000,0,"2019-12-14 04:18:25.252492"
389,"BMW","7-series",2012,4000,"NULL","2020-03-15 17:15:18.080142"
390,"BMW","3-series",2013,3000,0,"2019-11-23 01:57:01.487389"
391,"BMW","320d M Sport Auto",2016,1995,140,"2019-12-03 23:07:12.399253"
392,"BMW","330d M Sport Auto",2013,2993,"NULL","2019-12-05 20:39:15.76053"
393,"BMW","325d M Sport Auto",2011,2993,150,"2019-12-05 20:38:06.073026"
394,"BMW","325i",2001,3100,137,"2019-11-04 19:45:50.653829"
395,"BMW","M235i",2015,2979,240,"2019-11-23 01:54:31.650924"
396,"BMW","X5 4.4i",2006,4398,240,"2019-11-15 07:18:01.005054"
397,"BMW","318d M Sport",2011,1995,105,"2019-11-10 14:49:10.807554"
398,"BMW","520d M Sport Auto",2014,1995,135,"2019-11-26 22:51:14.271242"
399,"BMW","320d M Sport Auto",2013,1995,135,"2019-12-07 16:33:12.882785"
400,"BMW","320d M Sport GT Auto",2015,1995,135,"2019-11-22 10:36:14.075693"
401,"Mercedes","C220 CDI Sport Edition A",2005,2148,110,"2019-11-26 18:21:14.646589"
402,"Mercedes-benz","E250 SPT CDI Blueefi-cy A",2012,2143,150,"2019-11-14 19:18:43.195811"
403,"mercedes ","actros",2018,0,0,"2019-03-06 07:30:46.26216"
404,"Mercedes-benz","C250 AMG Line Prem + Blue",2015,2143,150,"2019-11-22 15:46:29.141624"
405,"Mercedes-Benz","C-klasse 200",2008,2143,102,"2019-12-15 16:26:42.754969"
406,"Mercedes","C180 Komp. Avantgarde SE A",2004,1796,105,"2019-11-04 00:56:44.272231"
407,"Mercedes-benz","C-class",2013,3500,0,"2019-11-10 03:30:49.471666"
408,"Mercedes","C220 CDI Avantgde SE A",2007,2149,110,"2019-11-18 11:39:34.853889"
409,"Mercedes-Benz","E-klasse 400",2018,2996,250,"2020-02-04 09:09:26.413664"
410,"Mercedes-benz","C63 AMG Edition 125 Auto",2012,6208,340,"2019-11-21 23:55:08.96206"
411,"Mercedes-benz","B180 Blueefficiency SE CDI",2012,1796,"NULL","2019-11-29 17:05:25.231263"
412,"Mercedes","Sprinter 311 CDI LWB",2003,2151,"NULL","2019-12-05 18:35:29.292802"
413,"Mercedes-Benz","E550",2010,"NULL","NULL","2019-12-23 00:01:48.391464"
414,"Mercedes-Benz","SL-klasse 320",2000,3199,168,"2019-06-29 22:02:01.588646"
415,"Mercedes-benz","C250 AMG Sport EDT Prem +cdi",2014,2143,150,"2019-11-14 20:20:23.070721"
416,"Mercedes","E220 Executive CDI Auto",2007,2145,126,"2019-10-24 18:15:30.821477"
417,"Mercedes-benz","E220 Blue-cy Agarde CDI A",2011,2143,125,"2019-11-29 17:10:27.055549"
418,"Mercedes-Benz","300 SE (W 112)",1967,2996,0,"2019-02-24 20:30:36.132906"
419,"Mercedes-benz","C 300 AMG Line Premium + D A",2019,1950,"NULL","2020-01-27 13:56:23.8057"
420,"Mercedes-benz","AMG GLE 43 Premium + 4matic",2016,2996,"NULL","2019-11-22 18:41:44.10179"
421,"Mercedes-benz","C220 AMG Sport Ed125 CDI BCY",2011,2143,125,"2019-11-22 18:47:12.158464"
422,"Mercedes-benz","C-class",2009,3000,0,"2019-11-26 19:17:38.268202"
423,"Mercedes","CLS 320 CDI Auto",2007,2987,165,"2019-12-08 15:12:31.412362"
424,"Mercedes-benz","A 220 AMG Line Premium + AUT",2019,1991,"NULL","2019-11-04 08:20:32.964185"
425,"Mercedes-benz","A 200 D AMG Line Executive",2016,2143,100,"2019-11-18 13:30:42.605417"
426,"Mercedes-Benz","450 SE",1976,4520,160,"2019-02-21 11:19:43.556067"
427,"Mercedes-benz","E-class",2001,3000,"NULL","2019-11-22 01:56:54.595752"
428,"Mercedes-benz","Cls-class",2006,5000,"NULL","2019-11-22 18:55:34.456014"
429,"Mercedes-Benz","200 D (W 115)",1971,1988,0,"2019-01-10 07:51:20.111007"
430,"Mercedes-benz","C250 AMG Line Prem Bluetec A",2015,2143,150,"2019-11-18 13:42:56.403923"
431,"Mercedes-Benz","C-klasse 300",2010,2996,173,"2019-11-22 02:29:14.370772"
432,"Mercedes","C180",1994,1799,91,"2019-11-29 18:13:12.091864"
433,"Mercedes-benz","Sprinter 314 CDI",2019,2143,"NULL","2019-12-03 21:07:10.785068"
434,"Mercedes","Citan",2017,1461,0,"2019-03-22 09:50:58.550237"
435,"Mercedes-Benz","E-klasse 220",2004,2148,113,"2019-06-25 18:42:34.414698"
436,"Mercedes","CLK 320 Avantgarde Auto",2004,3199,162,"2019-11-14 22:16:23.982809"
437,"Mercedes","Clk320 CDI Avantgarde A",2006,2987,165,"2019-10-31 08:20:05.367597"
438,"Mercedes-benz","A 160 AMG Line Auto",2018,1595,75,"2019-11-04 09:37:43.902028"
439,"Mercedes-benz","C-class",2020,3000,"NULL","2019-11-26 19:35:10.755801"
440,"Mercedes","Clk",2008,2999,180,"2018-07-09 15:59:32.45239"
441,"Mercedes-benz","C220 SE CDI Blueefficiency",2011,2143,125,"2020-02-29 13:27:36.239819"
442,"Mercedes-benz","Cls220 AMG Line Bluetec Auto",2015,2143,130,"2019-11-29 18:22:46.959595"
443,"Mercedes-benz","GLA 200 Urban Edition AUT",2019,1595,115,"2019-11-26 19:47:38.38371"
444,"Mercedes","ML 280 CDI SE Auto",2006,2987,140,"2019-12-08 15:46:03.053441"
445,"Mercedes","E220 Avantgarde CDI A",2008,2148,"NULL","2019-10-24 20:52:46.186444"
446,"Mercedes-benz","Sprinter 314cdi",2017,2143,105,"2019-11-04 11:27:20.300591"
447,"Mercedes-benz","Citan 109 CDI Blueefficiency",2017,1461,"NULL","2019-11-04 11:58:18.933366"
448,"Mercedes-Benz","S-klasse 550",2016,5461,291,"2019-11-14 23:18:07.822621"
449,"Mercedes-benz","C-class",2008,3000,"NULL","2019-11-14 23:26:53.363023"
450,"Mercedes-benz","Cla-class",2015,2000,"NULL","2019-11-22 04:06:54.242763"
451,"Mercedes-Benz","SLK-klasse 250",2013,2143,153,"2019-06-26 07:04:51.415012"
452,"Mercedes-benz","GLC 250 AMG Line Prem + 4M A",2018,1991,155,"2019-11-04 13:16:20.033254"
453,"Mercedes-Benz","W123 230",1983,2299,102,"2019-07-01 06:02:48.73582"
454,"Mercedes-Benz","200 (W 115)",1973,1988,69,"2018-05-05 20:14:59.71902"
455,"Mercedes-benz","C-class",2015,2000,0,"2019-10-25 01:26:23.674038"
456,"Mercedes-benz","C250 AMG Line Prem+ D 4matic",2017,2143,150,"2019-11-10 20:34:17.644807"
457,"Mercedes-Benz","SL-klasse 500",1991,4973,245,"2019-07-01 05:57:30.894182"
458,"Mercedes-benz","E350 Sport Ed125 CDI Blue-cy",2012,2987,195,"2019-11-22 22:16:26.930894"
459,"Mercedes-benz","Sprinter 313 CDI",2011,2143,95,"2019-11-10 11:28:59.84384"
460,"Mercedes-benz","GLC 250 AMG Line Prem + 4M A",2018,1991,155,"2019-12-05 19:13:41.7283"
461,"Mercedes-Benz","SLK (R171) 200 Kompressor (171.442)",2007,"NULL",120,"2019-11-18 10:03:07.21009"
462,"Mercedes-Benz","E 300 ",1988,3000,147,"2018-05-13 11:04:04.599062"
463,"Mercedes-benz","E350 AMG Sport Bluetec Auto",2014,2987,185,"2019-11-22 22:29:46.456643"
464,"Mercedes-Benz","E-klasse 200",2011,2143,102,"2019-11-22 06:35:27.033595"
465,"Mercedes-Benz","A-klasse 160",2015,1461,68,"2019-06-26 11:10:42.687479"
466,"Mercedes-benz","C250 AMG Line Prem + Bluetec",2015,2143,150,"2019-11-18 10:23:30.877428"
467,"Mercedes-benz","E350 AMG Line Bluetec Auto",2015,2987,190,"2019-11-18 16:26:34.023709"
468,"Mercedes-Benz","CLS-klasse AMG 63",2018,5461,439,"2019-12-24 10:07:09.879732"
469,"Mercedes-benz","E 220 D AMG Line Auto",2019,1950,143,"2020-01-19 19:15:13.819518"
470,"Mercedes-benz","C63 AMG Auto",2012,6208,"NULL","2019-10-25 04:42:46.637943"
471,"Mercedes-Benz","280e",1982,2800,124,"2018-06-09 19:21:20.718547"
472,"Mercedes","ML 270 CDI",2013,2688,121,"2019-11-18 10:48:22.269688"
473,"Mercedes-benz","A 200 D AMG Line Premium",2016,2143,"NULL","2019-12-05 19:29:09.499503"
474,"Mercedes-benz","C220 AMG Sport CDI Blueef-cy",2012,2143,"NULL","2019-11-29 20:32:06.856164"
475,"Mercedes-benz","E220 AMG Night ED Bluetec AU",2015,2143,130,"2019-11-10 12:40:40.757091"
476,"Mercedes-benz","C220 AMG Sport + CDI Blue-cy",2013,2143,"NULL","2019-10-25 06:01:54.058088"
477,"Mercedes-benz","GLA 200 D AMG Line Auto",2016,2143,100,"2019-11-22 23:12:32.271279"
478,"Mercedes-benz","B180 Sport Executive CDI",2014,1461,80,"2019-11-22 23:18:16.044479"
479,"Mercedes-Benz","250 SE",1966,0,0,"2019-04-19 23:05:14.240471"
480,"Mercedes-benz","Vito 113 CDI",2012,2143,"NULL","2020-02-22 19:42:00.828909"
481,"Mercedes","ML 270 CDI",2007,2688,121,"2019-11-18 16:49:11.389499"
482,"Mercedes-benz","C-class",2015,2000,"NULL","2019-12-16 04:14:31.413653"
483,"Mercedes-benz","C220 D Sport Auto",2015,2143,"NULL","2019-12-24 21:32:30.199298"
484,"Mercedes-Benz","C-klasse 200",2016,2143,102,"2019-11-10 13:07:23.597765"
485,"Mercedes-benz","E 220 AMG Line Edit Prem D A",2016,2143,130,"2020-03-06 04:11:28.298802"
486,"Mercedes-Benz","SL-klasse 230",1966,2306,113,"2019-04-05 07:13:44.714934"
487,"Mercedes-benz","A200 AMG Night Edition CDI A",2015,2143,100,"2019-11-23 00:07:16.816539"
488,"Mercedes-benz","Slk250 AMG Sport CDI Blue-cy",2013,2143,"NULL","2020-02-22 19:47:20.907996"
489,"Mercedes-benz","C-class",2008,3000,"NULL","2019-11-23 00:09:19.826132"
490,"Mercedes","E320 CDI Avantgarde Auto",2004,3222,152,"2019-12-24 21:57:33.418349"
491,"Mercedes-Benz","SLK-klasse 280",2005,2996,173,"2019-04-07 07:59:15.727493"
492,"Mercedes-benz","E300 AMG Sport Bluetec Hybri",2013,2143,170,"2019-12-05 20:08:17.16213"
493,"Mercedes-benz","C180 Blue-cy SE CGI A",2010,1796,"NULL","2019-11-22 09:14:21.582516"
494,"Mercedes-benz","C-class",2007,2000,"NULL","2019-12-02 04:00:40.605181"
495,"Mercedes-benz","S350 AMG Line Bluetec Auto",2014,2987,190,"2019-12-12 13:37:48.844926"
496,"Mercedes-benz","Cls220 Amgline Prem+ Bluetec",2015,2143,"NULL","2019-10-31 17:09:40.771807"
497,"Mercedes-Benz","C-klasse 200",2012,2143,102,"2019-04-20 13:16:56.253107"
498,"Mercedes-Benz","Viano L2",2008,2987,153,"2019-04-08 08:56:14.573365"
499,"Mercedes-Benz","S-klasse 430",2003,4266,209,"2019-11-15 06:34:42.040806"
500,"Mercedes-Benz","C-klasse AMG 63",2017,3982,383,"2020-01-08 11:59:09.552969"
501,"Mercedes-benz","C200 SE ED 125 CDI Blueef-cy",2011,2143,100,"2019-11-15 07:01:48.415833"
502,"Mercedes-benz","C220 Sport Bluetec",2015,2143,125,"2019-11-18 18:03:59.997466"
503,"Mercedes","B-class B 180 D AMG Line",2019,"NULL",85,"2019-11-15 07:29:20.518363"
504,"Mercedes-benz","E 350 Cdi 4matic",2010,2987,195,"2019-08-23 18:07:04.358731"
505,"Mercedes-Benz","A-klasse 200",2009,2034,102,"2019-06-27 04:07:34.821074"
506,"Mercedes","Sprinter 311 CDI LWB",2007,2148,"NULL","2019-12-04 00:32:29.27556"
507,"Mercedes-benz","Clc180 Komp Sport Auto",2010,1796,105,"2019-10-25 08:57:19.377258"
508,"Mercedes-benz","E 200 D",2018,1950,110,"2020-01-08 13:13:50.119249"
509,"Mercedes-Benz","G-klasse 280",2018,2746,113,"2019-10-25 09:30:23.517642"
510,"Mercedes-Benz","GLA-klasse 250",2018,1991,158,"2019-11-10 15:42:05.367767"
511,"Mercedes","E320 CDI Sport Auto",2008,2987,165,"2019-11-18 19:04:21.741938"
512,"Mercedes-benz","GLC 220 D 4M AMG Line Prem +",2016,2143,125,"2019-11-15 10:13:24.137464"
513,"Mercedes","CLS 320 CDI Auto",2007,2987,165,"2019-11-29 23:28:26.678842"
514,"Mercedes-Benz","S-klasse 560",1987,5547,182,"2019-04-14 04:56:20.851392"
515,"Mercedes-benz","Cl500 Blueefficiency Auto",2011,4663,320,"2019-12-05 21:21:50.956696"
516,"Mercedes-Benz","CLK-klasse 200",2001,1998,122,"2019-11-15 10:36:05.823233"
517,"Mercedes","Sl55 AMG Kompressor A",2003,5439,355,"2019-12-05 21:25:06.221056"
518,"Mercedes-Benz","W142 Cabriolet",1939,3405,60,"2019-04-14 13:54:29.741859"
519,"Mercedes-benz","C200 Sport Auto",2015,1991,135,"2019-11-23 07:40:57.758049"
520,"Mercedes-benz","AMG GT Premium Auto",2016,3982,340,"2019-11-22 12:35:29.571324"
521,"Mercedes","E220 Executive CDI Auto",2007,2145,126,"2019-10-25 09:55:10.764098"
522,"Mercedes-benz","Cla-class",2014,2000,"NULL","2019-11-27 00:25:22.789737"
523,"Mercedes-Benz","SL-klasse 280",1969,2778,128,"2019-04-14 16:42:38.666991"
524,"Mercedes","E220 Executive CDI Auto",2007,2145,126,"2019-11-22 12:54:49.096017"
525,"Mercedes","C230k Avantgarde SE Auto",2004,1796,141,"2019-10-31 21:13:19.587481"
526,"Mercedes-Benz","500 SEC",1983,4939,170,"2019-11-18 20:00:36.549954"
527,"Mercedes-benz","A180 Blue-cy AMG Sport CDI A",2014,1461,"NULL","2019-11-27 00:45:57.342383"
528,"Mercedes-benz","E350 Bluef-cy Sport CDI A",2010,2987,170,"2019-11-22 13:37:59.403615"
529,"Mercedes","Ml270 CDI Auto",2002,2688,"NULL","2019-11-22 13:42:04.059412"
530,"Mercedes-benz","E220 AMG Night ED Prem BT",2015,2143,130,"2019-11-10 17:21:36.765755"
531,"Mercedes-Benz","W124 300",1988,2962,135,"2019-11-18 20:24:08.908604"
532,"Mercedes-Benz","SLK-klasse 200",1997,1998,122,"2019-08-20 06:59:47.610236"
533,"Mercedes-Benz","Maybach S-klasse 400",1963,2996,250,"2019-05-22 15:18:08.370974"
534,"Mercedes-benz","A200 AMG Sport CDI Auto",2015,2143,100,"2019-11-23 08:15:33.213821"
535,"Mercedes-Benz","SL 500",1996,4973,240,"2019-04-27 18:49:29.770093"
536,"Mercedes-benz","C-class",2016,2000,"NULL","2020-03-02 16:46:30.102117"
537,"Mercedes-Benz","SLK 350",2004,3498,200,"2019-03-18 20:43:47.267423"
538,"Mercedes-Benz","Mercedes Benz 220 A, Cabriolet",1952,2195,59,"2019-02-25 12:53:00.770951"
539,"Mercedes-Benz","E-klasse AMG 43",2017,2996,301,"2019-05-25 15:34:52.849189"
540,"Mercedes-Benz","CLS-klasse 220",2015,2143,128,"2019-05-25 15:35:42.614045"
541,"Mercedes-Benz","Viano L3",2016,3498,194,"2019-05-25 17:58:02.050903"
542,"Mercedes Benz","Intouro (JF 463)",2004,0,0,"2019-05-25 23:04:34.012279"
543,"Mercedes-Benz","C-klasse 250",2012,2143,153,"2019-09-18 21:07:46.809719"
544,"Mercedes-Benz","Citaro (JF 407)",2004,0,0,"2019-05-26 13:36:56.801405"
545,"Mercedes-Benz","V-Klasse 250CDI",2014,2143,143,"2019-05-20 12:48:22.633448"
546,"Mercedes-benz","Cls-class",2007,5000,"NULL","2019-12-18 17:35:25.073891"
547,"Mercedes-Benz","S-klasse 350",2009,"NULL","NULL","2019-05-10 14:53:59.617291"
548,"Mercedes-benz","S 560",2018,3982,345,"2019-09-22 21:01:06.881893"
549,"Mercedes-Benz","280 SL",1970,9,7,"2018-10-30 15:26:57.455633"
550,"Mercedes-Benz","Vito",1996,2295,104,"2018-11-18 21:37:42.379319"
551,"Mercedes-Benz","220 S (W 180)",1957,2195,0,"2019-02-24 14:34:45.296391"
552,"Mercedes-Benz","300 CE-24 Kat (W 124)",1992,2960,0,"2019-02-24 14:25:24.254438"
553,"Mercedes-Benz","Carthago S-Liner",2009,2989,0,"2019-02-24 14:43:46.947057"
554,"Mercedes-Benz","Viano",2007,2989,0,"2019-02-24 14:35:29.713615"
555,"Mercedes-Benz","300 SE (W 112)",1966,2996,0,"2019-02-24 14:38:23.545581"
556,"Mercedes-Benz","SLS AMG GT",2013,6208,443,"2019-06-24 14:46:25.408264"
557,"Mercedes-Benz","e class 220",2012,"NULL","NULL","2019-06-12 18:24:41.134658"
558,"Mercedes-Benz","SL-klasse 300",1959,2996,161,"2019-05-21 21:24:02.172898"
559,"Mercedes-Benz","300b",1954,2995,83,"2019-07-15 11:36:40.904783"
560,"Mercedes-Benz","S-klasse 2.8",1970,2778,120,"2019-07-09 12:14:43.836644"
561,"Mercedes-benz","Cla 220 Cdi",2014,2143,"NULL","2019-07-19 07:29:47.902006"
562,"Mercedes-Benz","CLK-klasse 350",2007,3498,204,"2019-07-09 13:31:33.371438"
563,"Mercedes-Benz","X-klasse Concept 250",2019,2298,143,"2019-07-15 13:08:31.8302"
564,"Mercedes-benz","903.6",2005,2148,"NULL","2019-07-19 07:30:16.875972"
565,"Mercedes-Benz","E-klasse 350",2006,3498,204,"2019-11-18 22:04:48.450618"
566,"Mercedes-Benz","A-klasse 160",2009,1689,56,"2019-10-23 08:45:12.01187"
567,"Mercedes-Benz","SL-klasse 230",1966,2295,110,"2019-10-01 11:23:18.564267"
568,"Mercedes-benz","A 160 AMG Line Premium",2017,1595,75,"2019-11-18 22:12:50.677732"
569,"Mercedes-Benz","C-klasse 200",2005,1998,122,"2019-07-13 10:22:05.660575"
570,"Mercedes-Benz","E-klasse 200",2010,1796,138,"2019-07-17 07:48:15.395552"
571,"Mercedes-Benz","C-klasse 250",2017,2000,153,"2019-10-02 15:37:41.129712"
572,"Mercedes-Benz","SL-klasse 350",2010,3498,237,"2019-07-19 20:38:19.689443"
573,"Mercedes-Benz","SL-klasse 230",1964,2306,113,"2019-10-09 06:16:50.365276"
574,"Mercedes-Benz","SL-klasse 280",1978,2746,133,"2019-05-10 13:06:34.366244"
575,"Mercedes-Benz","190 SL 1.9",1960,1897,79,"2019-11-03 19:47:53.331051"
576,"Mercedes-Benz","C-Klasse AMG 43",2018,2996,275,"2019-06-12 08:36:30.497715"
577,"Mercedes-benz","C-class",1999,2300,137,"2019-11-05 02:18:20.712036"
578,"Mercedes-Benz","E-klasse 280",1995,2799,145,"2019-06-07 13:28:15.355794"
579,"Mercedes-benz","Sprinter 313 CDI",2012,2143,95,"2019-11-10 19:11:17.352747"
580,"Mercedes-Benz","M-klasse 350",2012,2987,168,"2019-07-16 13:09:54.557509"
581,"Mercedes-Benz","SL-klasse 450",1971,4520,169,"2019-10-09 06:06:36.811384"
582,"Mercedes-benz","E-class",2017,2000,179,"2019-11-10 19:21:10.424081"
583,"Mercedes-Benz","G320",1996,3199,155,"2019-02-20 09:59:06.127589"
584,"Mercedes-benz","C350 Sport Premium + E Auto",2016,1991,205,"2019-12-05 23:25:35.883649"
585,"Mercedes-Benz","ghb",1966,"NULL","NULL","2019-05-23 08:32:29.374135"
586,"Mercedes-Benz","W124 280",1993,2799,145,"2019-05-16 20:45:55.057818"
587,"Mercedes-Benz","W136 1.7",1949,1697,29,"2019-06-24 12:35:04.251307"
588,"Mercedes-Benz","E 200 (W 124)",1994,1998,0,"2019-03-24 20:11:09.684919"
589,"Mercedes-Benz","230 SL (W 113)",1966,2281,0,"2019-03-15 13:03:46.011934"
590,"Mercedes-Benz","500 SL (R 107)",1988,4973,177,"2019-02-10 08:26:54.460973"
591,"Mercedes-Benz","500 SL (R 129)",1989,4973,240,"2019-02-10 08:28:26.129069"
592,"Mercedes-Benz","300 CE-24 Kat (W 124)",1993,2960,162,"2019-02-10 08:30:29.406184"
593,"Mercedes-Benz","280 SL (W 113)",1970,2778,0,"2019-02-24 14:31:28.483873"
594,"Mercedes-benz","A 220 4matic",2017,1991,135,"2020-02-28 19:47:00.282494"
595,"Mercedes-Benz","c",1970,"NULL","NULL","2019-06-21 07:48:01.91485"
596,"Mercedes-Benz","350 SL (R 107)",1972,3459,147,"2018-10-29 21:17:39.165604"
597,"Mercedes-Benz","300 SL (W 198)",1954,2996,158,"2018-05-07 09:43:51.67325"
598,"Mercedes-benz","C250 Bluef-cy Sport CDI A",2010,2143,150,"2019-11-19 00:26:10.878949"
599,"Mercedes-Benz","A-Klasse AMG 45",2015,1991,270,"2019-05-20 14:51:42.620584"
600,"Mercedes-Benz","W100 6.3",1969,6332,188,"2019-05-28 09:34:59.296311"
601,"Ford","Fiesta",2013,1000,"NULL","2020-03-10 23:24:10.773775"
602,"Ford","Focus",2013,2000,181,"2019-11-03 23:49:53.741865"
603,"Ford","Fiesta HC L",1978,957,"NULL","2019-11-29 16:39:05.808654"
604,"Ford","Fiesta 1.2",2008,1241,45,"2019-12-03 20:13:58.968985"
605,"Ford","Focus Zetec TD 115",2009,1753,85,"2019-12-03 20:15:56.906086"
606,"Ford","Mondeo",2016,"NULL","NULL","2020-02-12 22:11:33.426834"
607,"Ford,ford","Focus",2005,2521,166,"2020-03-15 20:20:38.724536"
608,"Ford","E-450",2006,6800,227,"2019-10-24 16:54:59.135007"
609,"Ford","Fiesta St-3 Turbo",2016,1596,134,"2019-11-18 11:10:12.458347"
610,"Ford","F-250",1994,7538,182,"2019-11-04 00:37:45.519537"
611,"Ford","Focus Zetec",2001,1796,84,"2019-10-31 00:26:02.790983"
612,"Ford","Focus 1.8",2006,1798,94,"2019-11-10 03:18:45.17932"
613,"Ford","Ranger",1999,3000,113,"2019-10-24 17:18:56.923754"
614,"Ford","Fiesta ST",2007,1999,110,"2019-11-14 20:02:27.512541"
615,"Ford","Focus Titanium Tdci",2012,1560,84,"2019-11-29 16:44:53.971526"
616,"Ford","Fiesta St-line RED Edition",2016,998,103,"2019-11-22 16:30:15.575647"
617,"Ford","Fiesta Zetec S",2013,998,92,"2019-12-03 20:34:08.047122"
618,"Ford","Fiesta 1.1",2010,1100,64,"2019-10-31 01:55:30.330147"
619,"Ford","C-max Hybrid",2013,2000,0,"2019-11-26 18:50:11.378675"
620,"Ford","Transit Custom 290 Trend",2017,1995,"NULL","2019-12-08 14:52:06.872805"
621,"Ford","Transit 100 T260 FWD",2012,2198,"NULL","2019-12-27 09:00:22.977838"
622,"Ford","Kuga Titanium Tdci 140",2011,1997,105,"2019-10-24 18:10:44.231669"
623,"Ford","KA Edge",2010,1242,51,"2019-10-31 02:00:14.86252"
624,"Ford","Mondeo Zetec Tdci 140",2011,1997,103,"2019-11-04 02:28:55.65394"
625,"Ford","F-150",1998,4000,"NULL","2019-12-01 22:40:21.006272"
626,"Ford","F-150",2014,5000,268,"2019-10-31 02:09:06.331516"
627,"Ford","C-max Style",2009,1798,92,"2019-11-04 02:27:08.546574"
628,"Ford","Focus RS",2016,2261,257,"2019-11-18 12:19:58.93748"
629,"Ford","Fiesta Zetec S",2015,998,92,"2019-11-22 17:43:39.122158"
630,"Ford","C-max Zetec Tdci",2015,1560,85,"2019-10-24 18:42:02.610397"
631,"Ford","Focus St-2 Turbo",2014,1999,183,"2019-11-18 12:27:10.982888"
632,"Ford","Focus 1.6",2004,1596,75,"2020-01-23 11:47:22.496846"
633,"Ford","Focus Titanium Tdci",2007,1753,"NULL","2019-10-24 18:49:52.876659"
634,"Ford","Mustang",2018,2300,231,"2019-10-31 06:36:27.031254"
635,"Ford","Fiesta Zetec S 120",2009,1596,88,"2019-11-22 18:12:37.884307"
636,"Ford","KA",2000,1299,51,"2019-10-24 18:56:31.67058"
637,"Ford","S-max Titanium",2007,2521,164,"2020-02-16 22:16:02.935824"
638,"Ford","KA",2000,1299,51,"2019-10-24 18:57:33.217145"
639,"Ford","Focus Titanium Navigator TDC",2014,1560,"NULL","2019-11-04 06:15:35.500462"
640,"Ford","Focus Zetec S Tdci 109",2010,1560,80,"2019-11-22 01:05:46.881255"
641,"Ford","Fiesta St-2 Turbo",2015,1596,134,"2019-11-26 19:11:56.456864"
642,"Ford","KA",2000,1299,51,"2019-10-24 19:25:06.082042"
643,"Ford","Mustang",2000,3000,"NULL","2019-11-29 17:25:00.838157"
644,"Ford","Fiesta Titanium",2013,998,74,"2019-11-18 12:47:57.984227"
645,"Ford","Mondeo Titanium X Tdci140",2007,1997,104,"2019-11-10 06:53:52.063095"
646,"Ford","Fusion (North America) 2.0hyb",2016,1999,143,"2019-10-31 07:15:52.261998"
647,"Ford","Focus St-3",2009,2522,166,"2019-11-22 01:36:02.26055"
648,"Ford","Fiesta St-line Turbo",2018,999,73,"2019-11-04 07:41:12.251469"
649,"Ford","Fiesta Zetec S 120",2009,1596,88,"2019-11-29 17:46:53.978961"
650,"Ford","Fiesta Zetec",2017,1084,63,"2019-11-14 21:41:19.759992"
651,"Ford","F-150",2007,4200,150,"2019-11-14 21:44:52.796897"
652,"Ford","Fiesta Zetec S",2006,1596,74,"2019-11-10 07:19:10.717461"
653,"Ford","Fiesta I",1995,1119,37,"2019-11-14 22:02:07.143625"
654,"Ford","Focus",2012,2000,119,"2019-11-18 05:49:23.455005"
655,"Ford","Mustang",2014,3000,"NULL","2019-12-03 21:03:53.507291"
656,"Ford","Kuga St-line Tdci Auto",2018,1499,88,"2019-10-31 08:07:11.180446"
657,"Ford","Focus Titanium X Tdci",07.07.05,1499,88,"2019-11-04 08:43:21.296587"
658,"Ford","Focus 1.6",2009,1596,75,"2019-11-04 08:48:45.331842"
659,"Ford","Fiesta Style",2013,1242,44,"2019-10-31 08:18:13.538398"
660,"Ford","Mondeo Zetec Tdci 125",2007,1753,92,"2019-10-18 06:54:05.009896"
661,"Ford","Focus Zetec Tdci",2013,1560,84,"2020-02-14 14:14:26.407076"
662,"Ford","Mondeo GN19LWU  Zetec Edition Tdci",2019,1997,110,"2019-07-17 03:45:55.556641"
663,"Ford","Fusion",2016,2500,130,"2019-10-27 01:30:13.751182"
664,"Ford","Excursion 6.8",2003,6748,236,"2019-11-14 22:22:57.527498"
665,"Ford","S-max Zetec",2008,2522,164,"2019-10-24 20:32:34.257135"
666,"Ford","Kuga Zetec 4X2 Tdci",2014,1997,103,"2019-11-04 09:44:30.108799"
667,"Ford","Ecosport",2017,"NULL","NULL","2019-06-25 19:56:23.405161"
668,"Ford","Mondeo Titanium X Tdci138",2010,1997,103,"2019-12-07 14:15:49.31606"
669,"Ford","KA Style Plus",2010,1242,51,"2019-11-18 14:36:31.922952"
670,"Ford","Focus Ghia 115",2006,1596,"NULL","2019-11-29 18:57:03.837503"
671,"Ford","Focus St-3",2009,2521,"NULL","2019-11-26 19:52:04.008252"
672,"Ford","Fiesta St-2 Turbo",2015,1596,134,"2020-02-24 03:10:58.864151"
673,"Ford","Ranger 2.2d",2019,2198,120,"2019-06-26 04:36:24.789849"
674,"Ford","KA Zetec",2014,1242,51,"2019-11-04 10:56:06.865138"
675,"Ford","Galaxy Zetec Tdci Auto",2018,1997,110,"2019-11-10 09:12:30.925041"
676,"Ford","Crown Victoria",2010,4600,167,"2019-11-14 22:55:32.339969"
677,"Ford","Focus Titanium 125",2011,1596,92,"2019-11-29 19:06:19.367531"
678,"Ford","Mustang",2016,5000,"NULL","2019-11-29 19:04:31.162241"
679,"Ford","Fiesta Style Climate",2005,1242,55,"2019-10-31 10:02:03.627874"
680,"Ford","Fiesta Zetec Climate",2006,1388,59,"2019-11-30 01:57:08.030534"
681,"Ford","F-150",2004,5400,223,"2019-11-18 07:43:19.330454"
682,"Ford","Ranger",1993,2300,0,"2020-03-06 03:53:10.126489"
683,"Ford","Transit 140 T350ef RWD",2007,2402,104,"2019-11-10 09:50:42.184678"
684,"Ford","Mustang",2017,3000,"NULL","2019-11-22 20:23:24.38768"
685,"Ford","Focus St170",2003,1988,"NULL","2019-11-26 19:56:19.524067"
686,"Ford","Ranger",2002,4000,"NULL","2020-03-06 04:08:15.089124"
687,"Ford","Expedition",2008,5000,"NULL","2019-12-08 15:50:24.685978"
688,"Ford","Escape",2019,2000,0,"2019-12-14 00:21:53.406677"
689,"Ford","F-150 4.6",1998,4606,173,"2019-11-22 04:18:25.354865"
690,"Ford / D","Orion",1987,1398,53,"2018-05-15 11:19:19.931069"
691,"Ford","Kuga",2013,2000,119,"2018-05-08 15:15:22.51244"
692,"Ford","Fiesta Zetec",2010,1242,"NULL","2019-11-04 13:02:26.794798"
693,"Ford","Fiesta ST",2006,1999,110,"2019-11-18 15:48:34.095904"
694,"Ford","F-150 5.4",2003,5386,285,"2019-11-22 04:33:06.05044"
695,"Ford","Mondeo Zetec Econetic Tdci",2016,1499,85,"2019-11-18 09:15:40.046479"
696,"Ford","Ranger (North America) 4.0",1997,4016,120,"2019-11-04 13:35:00.025584"
697,"Ford","Capri LS 4spd",1983,1593,"NULL","2019-11-04 13:41:24.820578"
698,"Ford","Mustang",2017,3700,0,"2019-12-14 02:54:07.268631"
699,"Ford","Fiesta Zetec S 120",2010,1596,88,"2019-10-31 11:46:35.5478"
700,"Ford","Explorer 4.9",1998,4942,158,"2019-10-25 00:59:26.441042"
701,"Ford","Thunderbird 5.1",1957,5116,186,"2019-11-22 05:20:24.599921"
702,"Ford","Focus 1.6",2008,1596,75,"2019-11-18 09:32:19.903524"
703,"Ford","Fiesta 1.3",2002,1299,51,"2019-08-13 17:13:22.386979"
704,"Ford","Ecosport",2017,"NULL","NULL","2019-07-13 11:45:55.783973"
705,"Ford","Transit 350",2017,1995,96,"2019-11-22 22:14:30.992652"
706,"Ford","Focus St-3",2006,2521,167,"2019-11-04 14:41:06.044745"
707,"Ford","Mustang",2014,5000,"NULL","2019-11-29 19:44:09.000853"
708,"Ford","Mondeo Mistral Tdci",2004,1998,85,"2019-11-10 12:18:21.461987"
709,"Ford","Kuga Zetec Tdci 4X4",2015,1997,110,"2019-11-22 06:03:03.575361"
710,"Ford","Focus Zetec 125 Auto",2013,1596,92,"2019-11-04 16:10:02.143839"
711,"Ford","KA",2000,1299,44,"2019-11-18 10:42:49.077032"
712,"Ford","Mustang",2012,5000,"NULL","2019-11-22 22:38:42.577174"
713,"Ford","Fiesta Zetec S Black Edit",2016,999,103,"2019-11-22 06:37:45.956798"
714,"Ford","Focus Zetec",2001,1596,74,"2019-11-29 20:17:18.314207"
715,"Ford","Edge 2.0",2016,2000,180,"2019-12-29 18:54:13.560732"
716,"Ford","Fiesta 1.1",2015,1117,37,"2019-12-29 18:59:37.062559"
717,"Ford,ford","Fiesta",2013,1242,44,"2020-03-14 17:20:54.077869"
718,"Ford","Focus 2.0",2012,1999,120,"2019-11-15 00:23:21.779287"
719,"Ford","Taurus X",2009,3000,"NULL","2020-01-19 19:17:42.847386"
720,"Ford","Fiesta St-3 Turbo",2015,1596,134,"2019-11-22 07:50:46.733759"
721,"Ford","Focus Style Tdci",2017,1499,70,"2019-11-22 23:10:38.693928"
722,"Ford","Fiesta 1.0",2015,1000,105,"2020-01-19 19:19:07.282364"
723,"Ford","Focus St170",2005,1988,129,"2019-11-04 17:15:15.981763"
724,"Ford","Focus Titanium X Tdci",2017,1499,88,"2019-11-26 21:16:29.457101"
725,"Ford","Explorer",2012,3000,"NULL","2019-11-22 08:23:36.306746"
726,"Ford","Mondeo Zetec Tdci 140",2009,1997,104,"2019-10-25 06:50:08.913016"
727,"ford","focus cmax",2008,0,0,"2019-02-22 12:38:53.175697"
728,"Ford","Fiesta Zetec",2011,1242,60,"2019-12-05 19:42:01.71596"
729,"Ford","Fiesta Zetec S RED Edition",2016,998,103,"2019-12-07 15:36:22.371301"
730,"Ford","Mondeo 2.0d",2001,1998,98,"2019-05-01 12:46:39.126725"
731,"Ford","Fiesta Zetec S",2006,1596,74,"2019-12-02 03:25:57.959064"
732,"Ford","Kuga Titanium X Sport Tdci 4",2015,1997,132,"2019-12-03 22:36:48.064552"
733,"Ford","Mondeo Titanium X Sport Tdci",2012,2179,147,"2019-12-05 19:55:41.560315"
734,"Ford","Fusion Style Climate S-A",2008,1388,59,"2019-11-24 14:40:40.024333"
735,"Ford","Fiesta Flame",2005,1388,"NULL","2020-02-23 20:39:37.912451"
736,"Ford","Fiesta Titanium Turbo",2017,999,74,"2019-10-31 16:09:58.322424"
737,"Ford","Fiesta Titanium Tdci 70",2012,1399,51,"2019-11-22 08:40:29.04093"
738,"Ford","Fiesta Titanium Turbo",2016,998,74,"2019-11-23 00:02:40.418062"
739,"Ford","Focus Zetec Turbo",2013,998,73,"2019-11-29 21:06:00.862956"
740,"Ford","Fiesta MK7.5",2015,1000,74,"2018-10-23 20:21:11.634013"
741,"Ford","Focus St-3 Turbo",2013,1999,183,"2019-11-18 17:18:24.360303"
742,"Ford","Fiesta Zetec Tdci",2016,1499,55,"2019-11-15 03:17:17.276355"
743,"Ford","Fiesta Zetec Turbo",2017,999,74,"2019-12-03 22:39:20.511782"
744,"Ford","Mustang 5.0",2016,4951,320,"2019-11-04 18:46:21.537478"
745,"Ford","F-150",2009,4600,184,"2019-11-04 18:59:14.722026"
746,"Ford","Mondeo LX Tdci 130",2004,1998,"NULL","2019-12-07 15:59:03.639168"
747,"Ford","C-max Style",2009,1596,74,"2019-12-10 08:19:04.703405"
748,"Ford","Focus 1.6",1999,1596,75,"2019-06-26 17:36:55.389883"
749,"Ford","Focus Titanium TD 109",2008,1560,80,"2019-11-22 09:31:25.258474"
750,"Ford","Fiesta Edge Econetic Tdci",2011,1560,70,"2019-10-31 17:27:01.27326"
751,"Ford","Explorer",2015,3500,216,"2019-11-04 19:41:44.474053"
752,"Ford","Fiesta St-line Turbo",2019,998,73,"2019-11-18 17:50:13.370624"
753,"Ford","Focus St-3 Tdci Auto",2016,1997,136,"2019-12-03 23:07:49.275009"
754,"Ford","KA+",2018,0,0,"2019-06-12 14:32:48.572782"
755,"Ford","Mustang",2015,5000,0,"2019-11-26 22:47:45.646331"
756,"Ford","Flex",2015,3500,195,"2019-10-14 06:45:05.194623"
757,"Ford","Fiesta Zetec S Tdci",2012,1560,"NULL","2019-11-23 03:16:52.594644"
758,"Ford","Focus Zetec Climate Auto",2007,1596,75,"2019-10-31 18:32:14.198888"
759,"Ford","Kuga St-line",2019,1498,110,"2019-11-10 14:44:50.96987"
760,"Ford","Focus Zetec S Tdci",2014,1560,84,"2019-11-15 07:48:41.163063"
761,"Ford","Fiesta 1.1",2017,1084,64,"2019-06-26 23:19:40.57893"
762,"Ford","Fiesta Zetec Climate",2005,1388,59,"2019-11-15 07:55:17.564728"
763,"Ford","Fiesta Finesse",2004,1242,0,"2019-10-31 18:43:08.499731"
764,"Ford","Focus St-2",2005,2521,167,"2019-10-31 18:58:29.855277"
765,"Ford","Focus Zetec Tdci",2014,1560,84,"2019-11-18 18:18:34.270062"
766,"Ford","Focus 2.0",2014,1999,109,"2019-11-15 08:29:06.540582"
767,"Ford","F-150",2006,5000,0,"2019-12-10 17:28:19.124692"
768,"Ford","Fiesta Titanium",2013,998,74,"2019-12-07 16:56:16.85699"
769,"Ford","KA",2000,1299,44,"2019-11-22 10:57:56.128674"
770,"Ford","Mustang 4.6",1998,4606,236,"2019-11-23 03:24:33.779539"
771,"Ford","Fiesta Titanium",2015,1499,"NULL","2020-01-14 20:13:14.067686"
772,"Ford","Focus Ghia",2006,1596,74,"2019-10-25 09:10:01.982489"
773,"Ford","Fiesta Zetec",2011,1242,60,"2019-11-04 20:35:35.120962"
774,"Ford","Fiesta ST",2005,1999,110,"2019-11-22 11:06:05.789034"
775,"Ford","Mondeo Titanium Tdci 125",2008,1753,92,"2019-12-08 16:04:37.7139"
776,"Ford","Mondeo 2.0d",2012,1997,105,"2019-06-27 08:32:59.946708"
777,"Ford","Focus Titanium 116",2007,1596,"NULL","2019-10-25 09:12:30.435338"
778,"Ford","Fiesta St-3 Turbo",2015,1596,134,"2019-11-15 08:53:48.138036"
779,"Ford","Taurus 3.0",2015,2985,109,"2019-11-23 05:02:12.058667"
780,"Ford","Fiesta Zetec",2005,1242,60,"2019-10-31 19:14:20.182906"
781,"Ford","Fiesta S1600",2011,1596,98,"2019-11-15 09:08:09.058519"
782,"Ford","Fiesta Titanium Turbo",2018,999,73,"2019-11-18 18:48:46.91751"
783,"Ford","Mustang 3.8",2000,3813,143,"2019-11-18 18:56:28.161711"
784,"Ford","C-max Titanium Tdci",2016,1499,88,"2019-11-15 09:20:39.174189"
785,"Ford","Focus Style TD 115",2008,1753,85,"2019-12-07 17:29:44.074661"
786,"Ford","KA",2000,1299,51,"2019-10-25 09:26:43.756416"
787,"Ford","Mustang",2016,2000,"NULL","2019-11-23 06:36:44.287995"
788,"Ford","Focus Titanium Tdci",2012,1997,103,"2019-11-29 22:43:37.147037"
789,"Ford","Focus Titanium",2010,1596,74,"2019-11-10 15:42:47.769633"
790,"Ford","Focus Zetec Climate Auto",2005,1596,"NULL","2019-11-26 23:40:56.413957"
791,"Ford","Kuga 2.0d",2013,1997,122,"2019-12-18 05:14:20.297686"
792,"Ford","Puma 1.7 16V",1999,1679,92,"2019-11-26 23:47:04.911352"
793,"Ford","Fiesta Style Climate D",2006,1399,50,"2019-11-18 19:15:08.672654"
794,"Ford","Mondeo Titanium Tdci Auto",2016,1997,"NULL","2019-12-05 21:03:16.454983"
795,"Ford","Cortina MK2 1600e",1970,1599,"NULL","2019-11-18 19:27:52.638928"
796,"Ford","Fiesta Zetec Turbo",2015,998,"NULL","2019-11-10 15:51:55.02142"
797,"Ford","Fiesta Zetec",2014,1242,60,"2019-11-15 10:13:32.324006"
798,"Ford","Fiesta Finesse",2004,1242,"NULL","2019-11-22 12:09:05.495119"
799,"Ford","KA",2000,1299,51,"2019-10-25 09:34:46.922599"
800,"Ford","Fiesta Zetec Climate",2007,1242,55,"2019-11-10 15:53:38.292723"
